<powerpagecomponent powerpagecomponentid="fe07e024-7822-ee11-9cbd-000d3a190120">
  <content>{"display_name":"Account/Confirm Email/Confirm Email Error Text","type":756150000,"value":"We were unable to confirm your email address. Make sure the spelling is correct and that your profile allows for email communication, or try another email address."}</content>
  <iscustomizable>1</iscustomizable>
  <name>Account/ConfirmEmail/ConfirmEmailErrorText</name>
  <powerpagecomponenttype>7</powerpagecomponenttype>
  <powerpagesiteid>
    <powerpagesiteid>24f7d230-7822-ee11-9cbd-000d3a190120</powerpagesiteid>
  </powerpagesiteid>
  <powerpagesitelanguageid>
    <powerpagesitelanguageid>26f7d230-7822-ee11-9cbd-000d3a190120</powerpagesitelanguageid>
  </powerpagesitelanguageid>
  <statecode>0</statecode>
  <statuscode>1</statuscode>
</powerpagecomponent>