<powerpagecomponent powerpagecomponentid="3b23d82c-7822-ee11-9cbd-000d3a1c017f">
  <content>{"display_name":"Registration Disabled Message","type":756150001,"value":"&lt;div class=\"alert alert-warning\"&gt;\r\n  Registration is disabled\r\n&lt;/div&gt;"}</content>
  <iscustomizable>1</iscustomizable>
  <name>Account/Register/RegistrationDisabledMessage</name>
  <powerpagecomponenttype>7</powerpagecomponenttype>
  <powerpagesiteid>
    <powerpagesiteid>24f7d230-7822-ee11-9cbd-000d3a190120</powerpagesiteid>
  </powerpagesiteid>
  <statecode>0</statecode>
  <statuscode>1</statuscode>
</powerpagecomponent>