<powerpagecomponent powerpagecomponentid="aa889a1e-7822-ee11-9cbd-000d3a1c0c13">
  <content>{"source":"{% if poll %}\r&lt;div&gt;\r {% unless poll.user_selected_option %}\r &lt;div class=\"poll-questionpanel\" data-id=\"{{ poll.id | h }}\" data-name=\"{{ poll.name | h }}\"&gt;\r  &lt;h5 class=\"poll-question\"&gt;{{ poll.question }}&lt;/h5&gt;\r  &lt;ul class=\"poll-options list-unstyled\"&gt;\r   {% for option in poll.options %}\r   &lt;li class=\"radio\"&gt;\r    &lt;label for=\"poll_option_{{ option.id | h }}\"&gt;\r     &lt;input type=\"radio\" name=\"{{ poll.name | h }}\" value=\"{{ option.id | h }}\" id=\"poll_option_{{ option.id | h }}\" /&gt;\r     &lt;span class=\"sr-only\"&gt;{{ poll.question }}&lt;/span&gt;\r     {{ option.answer | h }}\r    &lt;/label&gt;\r   &lt;/li&gt;\r   {% endfor %}\r  &lt;/ul&gt;\r  &lt;button type=\"button\" class=\"btn btn-primary poll-submit\"&gt;{{ poll.submit_button_label | default: resx.Submit_Button_Label_Text | h }}&lt;/button&gt;\r  &lt;button type=\"button\" class=\"btn btn-default poll-viewresults\"&gt;{{ snippets[\"polls/resultslabel\"] | default: resx.Poll_Results_Label | h }}&lt;/button&gt;\r &lt;/div&gt;\r {% endunless %}\r &lt;div class=\"poll-resultspanel\"&gt;\r  &lt;h5 class=\"poll-question\"&gt;{{ poll.question }}&lt;/h5&gt;\r  &lt;div class=\"poll-results\"&gt;\r   {% for option in poll.options %}\r   &lt;div class=\"poll-result\"&gt;\r    &lt;span class=\"poll-option\"&gt;{{ option.answer | h }}&lt;/span&gt;\r    &lt;span class=\"poll-percentage pull-right\"&gt;{{ option.percentage | max_decimals: 0 }}%&lt;/span&gt;\r    &lt;div class=\"progress\"&gt;     \r     &lt;div class=\"bar progress-bar\" style=\"min-width:2em;width:{{ option.percentage | invariant_culture_decimal_value: 2 }}%\"&gt;{{ option.percentage | max_decimals: 0 }}%&lt;/div&gt;\r    &lt;/div&gt;\r   &lt;/div&gt;\r   {% endfor %}\r  &lt;/div&gt;\r  &lt;p&gt;{{ snippets[\"polls/totalslabel\"] | default: resx.Poll_Totals_Label | h }} {{ poll.votes }}&lt;/p&gt;\r  {% unless poll.user_selected_option %}\r  &lt;button type=\"button\" class=\"btn btn-default poll-return\"&gt;{{ snippets[\"polls/returnlabel\"] | default: resx.Poll_Return_Label | h }}&lt;/button&gt;\r  {% endunless %}\r &lt;/div&gt;\r&lt;/div&gt;\r{% endif %}"}</content>
  <iscustomizable>1</iscustomizable>
  <name>Poll Template</name>
  <powerpagecomponenttype>8</powerpagecomponenttype>
  <powerpagesiteid>
    <powerpagesiteid>24f7d230-7822-ee11-9cbd-000d3a190120</powerpagesiteid>
  </powerpagesiteid>
  <statecode>0</statecode>
  <statuscode>1</statuscode>
</powerpagecomponent>