<powerpagecomponent powerpagecomponentid="4298b920-7822-ee11-9cbd-000d3a1c017f">
  <content>{"contentdisposition":756150000,"displayorder":9,"enabletracking":false,"excludefromsearch":true,"hiddenfromsitemap":false,"parentpageid":"2f619c24-7822-ee11-9cbd-000d3a1c0c13","partialurl":"theme.css","publishingstateid":"1823d82c-7822-ee11-9cbd-000d3a1c017f"}</content>
  <filecontent mimetype="application/octet-stream">theme.css</filecontent>
  <iscustomizable>1</iscustomizable>
  <name>theme.css</name>
  <powerpagecomponenttype>3</powerpagecomponenttype>
  <powerpagesiteid>
    <powerpagesiteid>24f7d230-7822-ee11-9cbd-000d3a190120</powerpagesiteid>
  </powerpagesiteid>
  <statecode>0</statecode>
  <statuscode>1</statuscode>
</powerpagecomponent>