<powerpagecomponent powerpagecomponentid="12706c9c-ee74-bafa-60d9-a07f2a9a646c">
  <content>{
  "displayorder": 4,
  "pagetemplateid": "5e619c24-7822-ee11-9cbd-000d3a1c0c13",
  "parentpageid": "2f619c24-7822-ee11-9cbd-000d3a1c0c13",
  "partialurl": "Requests",
  "isroot": false,
  "rootwebpageid": "841a0d1d-c991-b2b2-c1bc-f92c07bda41c",
  "title": "Requests",
  "summary": "&lt;p&gt;This is a sample landing page designed to be a starting point for your website&lt;/p&gt;",
  "copy": "&lt;div data-ppid=\"878038fe-a1d2-77e2-dc04-28a5b8fc8d99\" class=\"row sectionBlockLayout sectionPrimaryColor text-left\" style=\"display: flex; flex-wrap: wrap; height: 15px; padding: 8px; margin: 0px;\"&gt;&lt;div data-ppid=\"2e270dc8-c03c-19df-d67e-dfb12b46b427\" class=\"container\" style=\"display: flex; flex-wrap: wrap;\"&gt;&lt;/div&gt;&lt;/div&gt;\n&lt;div data-ppid=\"222df8bc-b3c3-a0d4-99a0-fd4c02299cea\" class=\"row sectionBlockLayout text-left\" style=\"display: flex; flex-wrap: wrap; min-height: auto; padding: 8px; margin: 0px;\"&gt;\n  &lt;div data-ppid=\"e946940e-eceb-86b7-3195-4ec107153718\" class=\"container\" style=\"display: flex; flex-wrap: wrap;\"&gt;\n    &lt;div data-ppid=\"9f2326e2-4c21-a3ec-b5a6-bb0c322c7886\" class=\"col-md-12 columnBlockLayout\" style=\"flex-grow: 1; min-width: 310px; word-break: break-word; display: flex; flex-direction: column; margin: 20px 0px; padding: 16px;\"&gt;&lt;h3 data-ppid=\"6212bfac-1865-cffc-f6ed-9b5245d30057\" style=\"text-align: left;\"&gt;Active Resource Requests are listed in the table below. Use the search feature, or click the column headers to search the requests.&lt;/h3&gt;&lt;/div&gt;\n  &lt;/div&gt;\n&lt;/div&gt;\n&lt;div data-ppid=\"a6203e1d-2556-7575-e5b4-52c75af1b027\" class=\"row sectionBlockLayout text-left\" style=\"display: flex; flex-wrap: wrap; margin: 0px; min-height: auto; padding: 8px;\"&gt;\n  &lt;div data-ppid=\"7d39d1f1-bd49-44e2-a7a2-acec2f583b87\" class=\"container\" style=\"padding: 0px; display: flex; flex-wrap: wrap;\"&gt;&lt;div data-ppid=\"e7082dc6-d7f2-6a6c-271d-6449670529b8\" class=\"col-md-12 columnBlockLayout\" style=\"flex-grow: 1; display: flex; flex-direction: column; min-width: 310px; word-break: break-word; margin: 20px 0px; padding: 16px;\"&gt;{% include 'entity_list' key: 'Active requests' %}&lt;/div&gt;&lt;/div&gt;\n&lt;/div&gt;\n&lt;div data-ppid=\"0fd45e9e-04a3-523d-3ee4-f9ea9036b540\" class=\"row sectionBlockLayout text-left\" style=\"display: flex; flex-wrap: wrap; min-height: 100px; padding: 8px; margin: 0px;\"&gt;\n  &lt;div data-ppid=\"14cc4047-6ca2-081a-2a73-275cf00fe3bf\" class=\"container\" style=\"display: flex; flex-wrap: wrap;\"&gt;\n    &lt;div data-ppid=\"be85f6fd-cbea-49a1-5c39-477d10459c3d\" class=\"col-md-6 columnBlockLayout\" style=\"flex-grow: 1; min-width: 310px; word-break: break-word; display: flex; flex-direction: column;\"&gt;\n      &lt;p data-ppid=\"dd8dd92c-81e8-64f2-be30-22aab488f7e7\"&gt;Click the 'Create Request' button to post a new request. Requests can either by made individually, or bulk, If you are making a batch request, click here to open a&amp;nbsp;&lt;a href=\"/Requests/Batch-Upload\" value=\"Batch-Upload\" data-ppid=\"7464c7d0-63dd-4d9e-a4db-f98927399183\" class=\"anchor-inherit-styles\"&gt;batch upload&lt;/a&gt; page.&lt;/p&gt;\n    &lt;/div&gt;\n    &lt;div data-ppid=\"e89dda1f-8c1e-0fb5-8cc1-78af03e3cd4a\" class=\"col-md-6 columnBlockLayout\" style=\"flex-grow: 1; min-width: 310px; word-break: break-word; display: flex; flex-direction: column; justify-content: center;\"&gt;\n      &lt;h3 data-ppid=\"e298bd60-c266-8cf7-64b3-e63be58c0d8e\"&gt;Can you support an existing request?&lt;/h3&gt;\n      &lt;p data-ppid=\"d22f8e16-595a-99aa-2231-8e7000ef49f8\"&gt;Click the 'down arrow' icon on the right side of the request item and select 'Commit Resource'. Select 'Yes' for the Commit Resources question and provide any comments you want to share with the resource requestor.&lt;/p&gt;\n    &lt;/div&gt;\n  &lt;/div&gt;\n&lt;/div&gt;\n&lt;div data-ppid=\"b89fcdba-7e80-97cb-b3a1-8cb656a9f369\" class=\"row sectionBlockLayout text-left\" style=\"display: flex; flex-wrap: wrap; margin: 0px; min-height: auto; padding: 8px;\"&gt;\n  &lt;div data-ppid=\"658f7345-89a2-fdab-d816-0ab0d22db16d\" class=\"container\" style=\"padding: 0px; display: flex; flex-wrap: wrap;\"&gt;&lt;div data-ppid=\"a942e1f3-f589-2d76-3f1d-d49a0becfa89\" class=\"col-md-12 columnBlockLayout\" style=\"flex-grow: 1; display: flex; flex-direction: column; min-width: 250px; word-break: break-word;\"&gt;&lt;/div&gt;&lt;/div&gt;\n&lt;/div&gt;\n",
  "publishingstateid": "1823d82c-7822-ee11-9cbd-000d3a1c017f",
  "enablerating": false,
  "enabletracking": false,
  "excludefromsearch": false,
  "hiddenfromsitemap": true,
  "sharedpageconfiguration": false
}</content>
  <iscustomizable>1</iscustomizable>
  <name>Requests</name>
  <powerpagecomponenttype>2</powerpagecomponenttype>
  <powerpagesiteid>
    <powerpagesiteid>24f7d230-7822-ee11-9cbd-000d3a190120</powerpagesiteid>
  </powerpagesiteid>
  <powerpagesitelanguageid>
    <powerpagesitelanguageid>26f7d230-7822-ee11-9cbd-000d3a190120</powerpagesitelanguageid>
  </powerpagesitelanguageid>
  <statecode>0</statecode>
  <statuscode>1</statuscode>
</powerpagecomponent>