<powerpagecomponent powerpagecomponentid="a412972a-7822-ee11-9cbd-000d3a1c0c13">
  <content>{"display_name":"Header","type":756150000,"value":"&lt;h3&gt;&lt;a href=\"~/\"&gt;Starter Portal&lt;/a&gt;&lt;/h3&gt;"}</content>
  <iscustomizable>1</iscustomizable>
  <name>Header</name>
  <powerpagecomponenttype>7</powerpagecomponenttype>
  <powerpagesiteid>
    <powerpagesiteid>24f7d230-7822-ee11-9cbd-000d3a190120</powerpagesiteid>
  </powerpagesiteid>
  <powerpagesitelanguageid>
    <powerpagesitelanguageid>26f7d230-7822-ee11-9cbd-000d3a190120</powerpagesitelanguageid>
  </powerpagesitelanguageid>
  <statecode>0</statecode>
  <statuscode>1</statuscode>
</powerpagecomponent>