<powerpagecomponent powerpagecomponentid="c1d9306b-3e40-0750-2b70-da9587f19db1">
  <content>{
  "displayorder": 2,
  "pagetemplateid": "5e619c24-7822-ee11-9cbd-000d3a1c0c13",
  "parentpageid": "841a0d1d-c991-b2b2-c1bc-f92c07bda41c",
  "partialurl": "Batch-Upload",
  "isroot": false,
  "rootwebpageid": "1406df6d-4a52-fd3f-b27d-48273cc1d8df",
  "title": "Batch Upload",
  "summary": "&lt;p&gt;This is a sample landing page designed to be a starting point for your website&lt;/p&gt;",
  "copy": "&lt;div data-ppid=\"5e61c47d-99bb-3f23-9979-1bef36729502\" class=\"row sectionBlockLayout sectionPrimaryColor text-left\" style=\"display: flex; flex-wrap: wrap; height: 15px; padding: 8px; margin: 0px;\"&gt;&lt;div data-ppid=\"f1856d1f-4648-54d3-cf61-fa7d4345d805\" class=\"container\" style=\"display: flex; flex-wrap: wrap;\"&gt;&lt;/div&gt;&lt;/div&gt;\n&lt;div data-ppid=\"1002bec0-67c5-6b36-68ed-3d07bf660046\" class=\"row sectionBlockLayout text-left\" style=\"display: flex; flex-wrap: wrap; min-height: 361px; padding: 8px; margin: 0px;\"&gt;\n  &lt;div data-ppid=\"fd479bcb-9766-2ae7-c4f2-b1805228289a\" class=\"container\" style=\"display: flex; flex-wrap: wrap;\"&gt;\n    &lt;div data-ppid=\"620e8d27-ef48-0788-8faa-1f524c4c60f7\" class=\"col-md-12 columnBlockLayout\" style=\"flex-grow: 1; min-width: 250px; word-break: break-word; display: flex; flex-direction: column;\"&gt;\n      &lt;h2 data-ppid=\"c706c668-231e-60ad-5054-258ae03f43e5\"&gt;Resource Requests – Batch Upload Process&lt;/h2&gt;\n      &lt;p data-ppid=\"50103808-566d-cd32-c0ac-e99aa0ba614a\"&gt;​Enter a title for your batch upload and select 'Yes' for the Batch upload option. &lt;br /&gt;&lt;br /&gt;Ensure that you save the file in a CSV (comma separated values) format. Please use the template provided&amp;nbsp;&lt;a draggable=\"true\" href=\"https://github.com/GH-International/ResourceExchange/raw/main/batch_upload_template.csv\" value=\"https://github.com/GH-International/ResourceExchange/raw/main/batch_upload_template.csv\" data-ppid=\"0c2818a6-56e5-29c8-f34f-57fd3805e6b7\" class=\"anchor-inherit-styles anchor-hover-color-color3\" style=\"font-weight: 600;\"&gt;here&lt;/a&gt;&amp;nbsp;to download file formatting requirements and a template. Before uploading the attachment, strip all commas in the file by doing a 'find/replace' operation.&lt;/p&gt;\n    &lt;/div&gt;\n  &lt;/div&gt;\n&lt;/div&gt;\n&lt;div data-ppid=\"8ae2fcb5-5978-a501-1652-5cf757a593d2\" class=\"row sectionBlockLayout text-left\" style=\"display: flex; flex-wrap: wrap; margin: 0px; min-height: auto; padding: 8px;\"&gt;\n  &lt;div data-ppid=\"76a7da5d-dda1-2b69-c72f-c6b8e662f01e\" class=\"container\" style=\"padding: 0px; display: flex; flex-wrap: wrap;\"&gt;&lt;div data-ppid=\"ee0adfee-919f-ede0-5f5d-d66801bd4226\" class=\"col-md-12 columnBlockLayout\" style=\"flex-grow: 1; display: flex; flex-direction: column; min-width: 250px; word-break: break-word;\"&gt;{% webform name: 'Batch Upload Process' %}&lt;/div&gt;&lt;/div&gt;\n&lt;/div&gt;\n&lt;div data-ppid=\"62351e4b-0dce-e96f-84ec-946536edf592\" class=\"row sectionBlockLayout text-left\" style=\"display: flex; flex-wrap: wrap; min-height: 100px; padding: 8px; margin: 0px;\"&gt;\n  &lt;div data-ppid=\"f7898fb6-8182-1f08-6a9e-7115c2f69c2a\" class=\"container\" style=\"display: flex; flex-wrap: wrap;\"&gt;&lt;div data-ppid=\"816041d2-5ae7-4cfa-06ca-b443662e5c8c\" class=\"col-md-12 columnBlockLayout\" style=\"flex-grow: 1; min-width: 250px; word-break: break-word; display: flex; flex-direction: column;\"&gt;&lt;/div&gt;&lt;/div&gt;\n&lt;/div&gt;\n",
  "publishingstateid": "1823d82c-7822-ee11-9cbd-000d3a1c017f",
  "enablerating": false,
  "enabletracking": false,
  "excludefromsearch": false,
  "hiddenfromsitemap": true,
  "sharedpageconfiguration": false
}</content>
  <iscustomizable>1</iscustomizable>
  <name>Batch Upload</name>
  <powerpagecomponenttype>2</powerpagecomponenttype>
  <powerpagesiteid>
    <powerpagesiteid>24f7d230-7822-ee11-9cbd-000d3a190120</powerpagesiteid>
  </powerpagesiteid>
  <powerpagesitelanguageid>
    <powerpagesitelanguageid>26f7d230-7822-ee11-9cbd-000d3a190120</powerpagesitelanguageid>
  </powerpagesitelanguageid>
  <statecode>0</statecode>
  <statuscode>1</statuscode>
</powerpagecomponent>