<powerpagecomponent powerpagecomponentid="b02ce118-7822-ee11-9cbd-000d3a190120">
  <content>{
  "displayorder": 1,
  "enablerating": false,
  "enabletracking": false,
  "excludefromsearch": false,
  "feedbackpolicy": 756150000,
  "hiddenfromsitemap": false,
  "isroot": true,
  "pagetemplateid": "5e619c24-7822-ee11-9cbd-000d3a1c0c13",
  "parentpageid": "9912972a-7822-ee11-9cbd-000d3a1c0c13",
  "partialurl": "subpage-1-deleted",
  "publishingstateid": "1823d82c-7822-ee11-9cbd-000d3a1c017f",
  "sharedpageconfiguration": false,
  "title": "Subpage 1"
}</content>
  <iscustomizable>1</iscustomizable>
  <name>Subpage 1-deleted</name>
  <powerpagecomponenttype>2</powerpagecomponenttype>
  <powerpagesiteid>
    <powerpagesiteid>24f7d230-7822-ee11-9cbd-000d3a190120</powerpagesiteid>
  </powerpagesiteid>
  <statecode>1</statecode>
  <statuscode>2</statuscode>
</powerpagecomponent>