<powerpagecomponent powerpagecomponentid="48450ba6-acd4-dd39-4888-f503d2721f25">
  <content>{
  "displayorder": 7,
  "pagetemplateid": "5e619c24-7822-ee11-9cbd-000d3a1c0c13",
  "parentpageid": "2f619c24-7822-ee11-9cbd-000d3a1c0c13",
  "partialurl": "Offers",
  "isroot": true,
  "title": "Offers",
  "summary": "&lt;p&gt;This is a sample landing page designed to be a starting point for your website&lt;/p&gt;",
  "copy": "",
  "publishingstateid": "1823d82c-7822-ee11-9cbd-000d3a1c017f",
  "enablerating": false,
  "enabletracking": false,
  "excludefromsearch": false,
  "hiddenfromsitemap": true,
  "sharedpageconfiguration": false
}</content>
  <iscustomizable>1</iscustomizable>
  <name>Offers</name>
  <powerpagecomponenttype>2</powerpagecomponenttype>
  <powerpagesiteid>
    <powerpagesiteid>24f7d230-7822-ee11-9cbd-000d3a190120</powerpagesiteid>
  </powerpagesiteid>
  <statecode>0</statecode>
  <statuscode>1</statuscode>
</powerpagecomponent>