<powerpagecomponent powerpagecomponentid="2423d82c-7822-ee11-9cbd-000d3a1c017f">
  <content>{"display_name":"Page Related Heading","type":756150000,"value":"Related Topics"}</content>
  <iscustomizable>1</iscustomizable>
  <name>Page Related Heading</name>
  <powerpagecomponenttype>7</powerpagecomponenttype>
  <powerpagesiteid>
    <powerpagesiteid>24f7d230-7822-ee11-9cbd-000d3a190120</powerpagesiteid>
  </powerpagesiteid>
  <powerpagesitelanguageid>
    <powerpagesitelanguageid>26f7d230-7822-ee11-9cbd-000d3a190120</powerpagesitelanguageid>
  </powerpagesitelanguageid>
  <statecode>0</statecode>
  <statuscode>1</statuscode>
</powerpagecomponent>