<powerpagecomponent powerpagecomponentid="d9b0da2a-7822-ee11-9cbd-000d3a190120">
  <content>{"display_name":"Portal Generic Error","type":756150000,"value":"We are sorry, but seems something went wrong. Please try again, and if this persists, contact the website administrator."}</content>
  <iscustomizable>1</iscustomizable>
  <name>Portal Generic Error</name>
  <powerpagecomponenttype>7</powerpagecomponenttype>
  <powerpagesiteid>
    <powerpagesiteid>24f7d230-7822-ee11-9cbd-000d3a190120</powerpagesiteid>
  </powerpagesiteid>
  <powerpagesitelanguageid>
    <powerpagesitelanguageid>26f7d230-7822-ee11-9cbd-000d3a190120</powerpagesitelanguageid>
  </powerpagesitelanguageid>
  <statecode>0</statecode>
  <statuscode>1</statuscode>
</powerpagecomponent>