<powerpagecomponent powerpagecomponentid="73619c24-7822-ee11-9cbd-000d3a1c0c13">
  <content>{
  "powerpagesitelanguageid": "26f7d230-7822-ee11-9cbd-000d3a190120",
  "display_name": "Footer",
  "type": 756150001,
  "value": ""
}</content>
  <iscustomizable>1</iscustomizable>
  <name>Footer</name>
  <powerpagecomponenttype>7</powerpagecomponenttype>
  <powerpagesiteid>
    <powerpagesiteid>24f7d230-7822-ee11-9cbd-000d3a190120</powerpagesiteid>
  </powerpagesiteid>
  <powerpagesitelanguageid>
    <powerpagesitelanguageid>26f7d230-7822-ee11-9cbd-000d3a190120</powerpagesitelanguageid>
  </powerpagesitelanguageid>
  <statecode>0</statecode>
  <statuscode>1</statuscode>
</powerpagecomponent>