<powerpagecomponent powerpagecomponentid="0b08e024-7822-ee11-9cbd-000d3a190120">
  <content>{"display_name":"Account/Signin/Minor Not Allowed Copy","type":756150001,"value":"&lt;p&gt;The use of this portal by minors is not allowed.&lt;/p&gt;"}</content>
  <iscustomizable>1</iscustomizable>
  <name>Account/Signin/MinorNotAllowedCopy</name>
  <powerpagecomponenttype>7</powerpagecomponenttype>
  <powerpagesiteid>
    <powerpagesiteid>24f7d230-7822-ee11-9cbd-000d3a190120</powerpagesiteid>
  </powerpagesiteid>
  <powerpagesitelanguageid>
    <powerpagesitelanguageid>26f7d230-7822-ee11-9cbd-000d3a190120</powerpagesitelanguageid>
  </powerpagesitelanguageid>
  <statecode>0</statecode>
  <statuscode>1</statuscode>
</powerpagecomponent>