<powerpagecomponent powerpagecomponentid="bf12972a-7822-ee11-9cbd-000d3a1c0c13">
  <content>{"display_name":"Account/Conversion/Page Title","type":756150000,"value":"Account Migration"}</content>
  <iscustomizable>1</iscustomizable>
  <name>Account/Conversion/PageTitle</name>
  <powerpagecomponenttype>7</powerpagecomponenttype>
  <powerpagesiteid>
    <powerpagesiteid>24f7d230-7822-ee11-9cbd-000d3a190120</powerpagesiteid>
  </powerpagesiteid>
  <powerpagesitelanguageid>
    <powerpagesitelanguageid>26f7d230-7822-ee11-9cbd-000d3a190120</powerpagesitelanguageid>
  </powerpagesitelanguageid>
  <statecode>0</statecode>
  <statuscode>1</statuscode>
</powerpagecomponent>