<powerpagecomponent powerpagecomponentid="16ff5c18-7822-ee11-9cbd-000d3a1c0c13">
  <content>{"source":"{% extends 'Layout 1 Column' %}\r\r{% block title %}\r  {% include 'Tab Header' page_type: 'topic' %}\r{% endblock %}"}</content>
  <iscustomizable>1</iscustomizable>
  <name>Category Topic</name>
  <powerpagecomponenttype>8</powerpagecomponenttype>
  <powerpagesiteid>
    <powerpagesiteid>24f7d230-7822-ee11-9cbd-000d3a190120</powerpagesiteid>
  </powerpagesiteid>
  <statecode>0</statecode>
  <statuscode>1</statuscode>
</powerpagecomponent>