<powerpagecomponent powerpagecomponentid="95b0da2a-7822-ee11-9cbd-000d3a190120">
  <content>{"display_name":"Secondary Navigation","publishingstateid":"1823d82c-7822-ee11-9cbd-000d3a1c017f"}</content>
  <iscustomizable>1</iscustomizable>
  <name>Secondary Navigation</name>
  <powerpagecomponenttype>4</powerpagecomponenttype>
  <powerpagesiteid>
    <powerpagesiteid>24f7d230-7822-ee11-9cbd-000d3a190120</powerpagesiteid>
  </powerpagesiteid>
  <powerpagesitelanguageid>
    <powerpagesitelanguageid>26f7d230-7822-ee11-9cbd-000d3a190120</powerpagesitelanguageid>
  </powerpagesitelanguageid>
  <statecode>0</statecode>
  <statuscode>1</statuscode>
</powerpagecomponent>