<powerpagecomponent powerpagecomponentid="e0b0da2a-7822-ee11-9cbd-000d3a190120">
  <content>{"source":"{% assign weblink_set_name = weblink_set_name %}\r\r{% assign showdescriptions = showdescriptions | default: false %}\r\r{% if weblink_set_name %}\r  {% assign weblink_set = weblinks[weblink_set_name] %}\r  {% if weblink_set %}\r    {% if showdescriptions %}\r      &lt;div class=\"{% if weblink_set.editable %}xrm-entity xrm-editable-adx_weblinkset{% endif %}\"&gt;\r        &lt;div class=\"list-group weblinks\"&gt;\r          {% for link in weblink_set.weblinks %}\r            &lt;a class=\"list-group-item weblink\" href=\"{{ link.url | h }}\" title=\"{{ link.tooltip | h }}\"&gt;\r              &lt;h4 class=\"list-group-item-heading weblink-name\"&gt;{{ link.name | h }}&lt;/h4&gt;\r              &lt;div class=\"list-group-item-text weblink-description\"&gt;\r                {{ link.description | strip_html | text_to_html  }}\r              &lt;/div&gt;\r            &lt;/a&gt;\r          {% endfor %}\r        &lt;/div&gt;\r        {% editable weblink_set %}\r      &lt;/div&gt;\r    {% else %}\r      &lt;div class=\"panel panel-default {% if weblink_set.editable %}xrm-entity xrm-editable-adx_weblinkset{% endif %}\"&gt;\r        &lt;div class=\"panel-heading\"&gt;\r          &lt;div class=\"panel-title\"&gt;&lt;span class=\"fa fa-bars\" aria-hidden=\"true\" style=\"font-size: 14px;\"&gt;&lt;/span&gt;  {{ snippets[\"Related Links Navigation Heading\"] | default:\"Related Links\" | h }}&lt;/div&gt;\r        &lt;/div&gt;\r        &lt;div class=\"weblinks list-group\"&gt;\r          {% for link in weblink_set.weblinks %}\r            &lt;a class=\"weblink list-group-item\" href=\"{{ link.url | h }}\" title=\"{{ link.tooltip | h }}\"&gt;\r              {% if link.image %}\r                {% if link.image.url startswith '.' %}\r                  &lt;span class=\"{{ link.image.url | split:'.' | join | h }}\" aria-hidden=\"true\"&gt;&lt;/span&gt;\r                {% else %}\r                  &lt;img src=\"{{ link.image.url | h }}\" alt=\"{{ link.image.alternate_text | h }}\" /&gt;\r                {% endif %}\r              {% endif %}\r              {{ link.name | h }}\r            &lt;/a&gt;\r          {% endfor %}\r        &lt;/div&gt;\r      {% editable weblink_set %}\r      &lt;/div&gt;\r  {% endif %}\r {% endif %}\r{% endif %}"}</content>
  <iscustomizable>1</iscustomizable>
  <name>Weblink List Group</name>
  <powerpagecomponenttype>8</powerpagecomponenttype>
  <powerpagesiteid>
    <powerpagesiteid>24f7d230-7822-ee11-9cbd-000d3a190120</powerpagesiteid>
  </powerpagesiteid>
  <statecode>0</statecode>
  <statuscode>1</statuscode>
</powerpagecomponent>