<powerpagecomponent powerpagecomponentid="cca371b6-5f2d-ee11-bdf4-000d3a1ba9cd">
  <content>{
  "targetentitylogicalname": "msrex_request",
  "geolocation_displaymap": false,
  "geolocation_enabled": false,
  "createautonumber": false,
  "loguser": false,
  "attachfilerestrictaccept": false,
  "attachfilerequired": false,
  "allowmultiplefiles": false,
  "attachfile": false,
  "redirecturlappendentityidquerystring": false,
  "appendquerystring": false,
  "referenceentityshowreadonlyform": false,
  "referencequerystringisprimarykey": true,
  "referenceentitysourcetype": 100000001,
  "populatereferenceentitylookupfield": false,
  "setentityreference": false,
  "hideformonsuccess": true,
  "showcaptchaforauthenticatedusers": false,
  "captcharequired": false,
  "validationsummarylinksenabled": true,
  "forceallfieldsrequired": false,
  "recommendedfieldsrequired": false,
  "showunsupportedfields": false,
  "showownerfields": false,
  "tooltipenabled": false,
  "renderwebresourcesinline": false,
  "portaluserlookupattributeisactivityparty": false,
  "associatecurrentportaluser": false,
  "autogeneratesteps": false,
  "mode": 100000000,
  "entitypermissionsenabled": true,
  "movepreviouspermitted": true,
  "type": 100000001,
  "multiplerecordsperuserpermitted": false,
  "webform": "6ec60e5a-5f2d-ee11-bdf4-000d3a1ba9cd",
  "editexistingrecordpermitted": false,
  "geolocation_maptype": 756150000,
  "webFormMetadatas": [],
  "nextstep": "6b2fcaab-df83-46e6-8bd2-16127f76e515",
  "formname": "Batch Upload Form"
}</content>
  <iscustomizable>1</iscustomizable>
  <name>Batch Upload Insert</name>
  <powerpagecomponenttype>20</powerpagecomponenttype>
  <powerpagesiteid>
    <powerpagesiteid>24f7d230-7822-ee11-9cbd-000d3a190120</powerpagesiteid>
  </powerpagesiteid>
  <statecode>0</statecode>
  <statuscode>1</statuscode>
</powerpagecomponent>