<powerpagecomponent powerpagecomponentid="1406df6d-4a52-fd3f-b27d-48273cc1d8df">
  <content>{
  "displayorder": 2,
  "pagetemplateid": "5e619c24-7822-ee11-9cbd-000d3a1c0c13",
  "parentpageid": "841a0d1d-c991-b2b2-c1bc-f92c07bda41c",
  "partialurl": "Batch-Upload",
  "isroot": true,
  "title": "Batch Upload",
  "summary": "&lt;p&gt;This is a sample landing page designed to be a starting point for your website&lt;/p&gt;",
  "copy": "",
  "publishingstateid": "1823d82c-7822-ee11-9cbd-000d3a1c017f",
  "enablerating": false,
  "enabletracking": false,
  "excludefromsearch": false,
  "hiddenfromsitemap": true,
  "sharedpageconfiguration": false
}</content>
  <iscustomizable>1</iscustomizable>
  <name>Batch Upload</name>
  <powerpagecomponenttype>2</powerpagecomponenttype>
  <powerpagesiteid>
    <powerpagesiteid>24f7d230-7822-ee11-9cbd-000d3a190120</powerpagesiteid>
  </powerpagesiteid>
  <statecode>0</statecode>
  <statuscode>1</statuscode>
</powerpagecomponent>