<powerpagecomponent powerpagecomponentid="fca2486c-429e-4a0f-9821-f6d86366f0ca">
  <content>{"createdOn":"2023-07-28T17:40:25.665Z","parentpageid":"2f619c24-7822-ee11-9cbd-000d3a1c0c13","publishingstateid":"1823d82c-7822-ee11-9cbd-000d3a1c017f","partialurl":"P4-MS-ResExchange.png","title":"","summary":"","enabletracking":false,"excludefromsearch":false,"hiddenfromsitemap":false}</content>
  <filecontent mimetype="image/png">P4-MS-ResExchange.png</filecontent>
  <iscustomizable>1</iscustomizable>
  <name>P4-MS-ResExchange.png</name>
  <powerpagecomponenttype>3</powerpagecomponenttype>
  <powerpagesiteid>
    <powerpagesiteid>24f7d230-7822-ee11-9cbd-000d3a190120</powerpagesiteid>
  </powerpagesiteid>
  <statecode>0</statecode>
  <statuscode>1</statuscode>
</powerpagecomponent>