<powerpagesitelanguages>
  <powerpagesitelanguage powerpagesitelanguageid="26f7d230-7822-ee11-9cbd-000d3a190120">
    <content>{"publishingstate":"1823d82c-7822-ee11-9cbd-000d3a1c017f","systemlanguage":1033}</content>
    <displayname>English</displayname>
    <iscustomizable>1</iscustomizable>
    <languagecode>en-US</languagecode>
    <lcid>1033</lcid>
    <name>English</name>
    <powerpagesiteid>
      <powerpagesiteid>24f7d230-7822-ee11-9cbd-000d3a190120</powerpagesiteid>
    </powerpagesiteid>
    <statecode>0</statecode>
    <statuscode>1</statuscode>
  </powerpagesitelanguage>
</powerpagesitelanguages>