<powerpagecomponent powerpagecomponentid="1608e024-7822-ee11-9cbd-000d3a190120">
  <content>{"disablepagevalidation":false,"displayimageonly":false,"displayorder":1,"displaypagechildlinks":false,"openinnewwindow":false,"pageid":"ff07e024-7822-ee11-9cbd-000d3a190120","publishingstateid":"1823d82c-7822-ee11-9cbd-000d3a1c017f","robotsfollowlink":true,"weblinksetid":"6e12972a-7822-ee11-9cbd-000d3a1c0c13"}</content>
  <iscustomizable>1</iscustomizable>
  <name>Profile</name>
  <powerpagecomponenttype>5</powerpagecomponenttype>
  <powerpagesiteid>
    <powerpagesiteid>24f7d230-7822-ee11-9cbd-000d3a190120</powerpagesiteid>
  </powerpagesiteid>
  <statecode>0</statecode>
  <statuscode>1</statuscode>
</powerpagecomponent>