<powerpagecomponent powerpagecomponentid="b0b0da2a-7822-ee11-9cbd-000d3a190120">
  <content>{"display_name":"Profile/SecurityNav/ChangePassword","type":756150000,"value":"Change Password"}</content>
  <iscustomizable>1</iscustomizable>
  <name>Profile/SecurityNav/ChangePassword</name>
  <powerpagecomponenttype>7</powerpagecomponenttype>
  <powerpagesiteid>
    <powerpagesiteid>24f7d230-7822-ee11-9cbd-000d3a190120</powerpagesiteid>
  </powerpagesiteid>
  <powerpagesitelanguageid>
    <powerpagesitelanguageid>26f7d230-7822-ee11-9cbd-000d3a190120</powerpagesitelanguageid>
  </powerpagesitelanguageid>
  <statecode>0</statecode>
  <statuscode>1</statuscode>
</powerpagecomponent>