<powerpagecomponent powerpagecomponentid="6b2fcaab-df83-46e6-8bd2-16127f76e515">
  <content>{
  "targetentitylogicalname": "msrex_request",
  "webform": "6ec60e5a-5f2d-ee11-bdf4-000d3a1ba9cd",
  "formname": "Batch Upload Form",
  "successmessage": "",
  "movepreviouspermitted": true,
  "mode": 100000001,
  "attachfilelabel": "",
  "attachfilemaxsize": null,
  "type": 100000001,
  "validationsummarylinksenabled": true,
  "referencequerystringisprimarykey": true,
  "hideformonsuccess": true,
  "entitypermissionsenabled": true
}</content>
  <iscustomizable>1</iscustomizable>
  <name>Create Batch Record</name>
  <powerpagecomponenttype>20</powerpagecomponenttype>
  <powerpagesiteid>
    <powerpagesiteid>24f7d230-7822-ee11-9cbd-000d3a190120</powerpagesiteid>
  </powerpagesiteid>
  <statecode>0</statecode>
  <statuscode>1</statuscode>
</powerpagecomponent>