<powerpagecomponent powerpagecomponentid="edb0da2a-7822-ee11-9cbd-000d3a190120">
  <content>{"display_name":"Search/Facet/Clear Constraints","type":756150000,"value":"Clear All"}</content>
  <iscustomizable>1</iscustomizable>
  <name>Search/Facet/ClearConstraints</name>
  <powerpagecomponenttype>7</powerpagecomponenttype>
  <powerpagesiteid>
    <powerpagesiteid>24f7d230-7822-ee11-9cbd-000d3a190120</powerpagesiteid>
  </powerpagesiteid>
  <powerpagesitelanguageid>
    <powerpagesitelanguageid>26f7d230-7822-ee11-9cbd-000d3a190120</powerpagesitelanguageid>
  </powerpagesitelanguageid>
  <statecode>0</statecode>
  <statuscode>1</statuscode>
</powerpagecomponent>