<powerpagecomponent powerpagecomponentid="9cc1e71e-7822-ee11-9cbd-000d3a190120">
  <content>{"display_name":"EntityList/View Not Available Message","type":756150001,"value":"&lt;div class=\"alert alert-block alert-warning\"&gt;&lt;p&gt;&lt;span class=\"fa fa-exclamation-triangle\" aria-hidden=\"true\"&gt;&lt;/span&gt;The view is not available.&lt;/p&gt;&lt;/div&gt;"}</content>
  <iscustomizable>1</iscustomizable>
  <name>EntityList/ViewNotAvailableMessage</name>
  <powerpagecomponenttype>7</powerpagecomponenttype>
  <powerpagesiteid>
    <powerpagesiteid>24f7d230-7822-ee11-9cbd-000d3a190120</powerpagesiteid>
  </powerpagesiteid>
  <powerpagesitelanguageid>
    <powerpagesitelanguageid>26f7d230-7822-ee11-9cbd-000d3a190120</powerpagesitelanguageid>
  </powerpagesitelanguageid>
  <statecode>0</statecode>
  <statuscode>1</statuscode>
</powerpagecomponent>