<powerpagecomponent powerpagecomponentid="96bb2ed5-1dbf-c535-8bcd-a3a8f2e42d28">
  <content>{
  "displayorder": 5,
  "pagetemplateid": "5e619c24-7822-ee11-9cbd-000d3a1c0c13",
  "parentpageid": "2f619c24-7822-ee11-9cbd-000d3a1c0c13",
  "partialurl": "Offers",
  "isroot": false,
  "rootwebpageid": "48450ba6-acd4-dd39-4888-f503d2721f25",
  "title": "Offers",
  "summary": "&lt;p&gt;This is a sample landing page designed to be a starting point for your website&lt;/p&gt;",
  "copy": "&lt;div data-ppid=\"c1bd9650-64cf-4870-278b-0ea697681dda\" class=\"row sectionBlockLayout sectionPrimaryColor text-left\" style=\"display: flex; flex-wrap: wrap; height: 15px; padding: 8px; margin: 0px;\"&gt;&lt;div data-ppid=\"9834060d-d767-892a-9c79-78e6f42b0f78\" class=\"container\" style=\"display: flex; flex-wrap: wrap;\"&gt;&lt;/div&gt;&lt;/div&gt;\n&lt;div data-ppid=\"6606f3ab-396d-f861-b457-46b9fe5e6a8e\" class=\"row sectionBlockLayout text-left\" style=\"display: flex; flex-wrap: wrap; min-height: auto; padding: 8px; margin: 0px;\"&gt;\n  &lt;div data-ppid=\"22a1acc8-c50a-1108-b56f-bc7b8982c4c5\" class=\"container\" style=\"display: flex; flex-wrap: wrap;\"&gt;\n    &lt;div data-ppid=\"df9ba912-594e-78f0-3a7b-3f1c9fa0cc0a\" class=\"col-md-12 columnBlockLayout\" style=\"flex-grow: 1; min-width: 310px; word-break: break-word; display: flex; flex-direction: column; margin: 20px 0px; padding: 16px;\"&gt;&lt;h3 data-ppid=\"d512059e-ac29-8b5d-4170-c3e20b6f86df\" style=\"text-align: left;\"&gt;Active Resource Offers are listed in the table below. Use the search feature or click the column headers to search the offers.&lt;/h3&gt;&lt;/div&gt;\n  &lt;/div&gt;\n&lt;/div&gt;\n&lt;div data-ppid=\"0edfcaef-2585-bc01-87a0-9d9156aa9b8a\" class=\"row sectionBlockLayout text-left\" style=\"display: flex; flex-wrap: wrap; margin: 0px; min-height: auto; padding: 8px;\"&gt;\n  &lt;div data-ppid=\"421b2406-b05f-8575-484c-11de341087fb\" class=\"container\" style=\"padding: 0px; display: flex; flex-wrap: wrap;\"&gt;&lt;div data-ppid=\"c0839e5e-4628-96a0-e680-df3753ea4382\" class=\"col-md-12 columnBlockLayout\" style=\"flex-grow: 1; display: flex; flex-direction: column; min-width: 310px; word-break: break-word; margin: 20px 0px; padding: 16px;\"&gt;{% include 'entity_list' key: 'Active Offers' %}&lt;/div&gt;&lt;/div&gt;\n&lt;/div&gt;\n&lt;div data-ppid=\"929820eb-68ad-73ee-2e39-d5224b7c3ee2\" class=\"row sectionBlockLayout text-left\" style=\"display: flex; flex-wrap: wrap; min-height: auto; padding: 8px; margin: 0px;\"&gt;\n  &lt;div data-ppid=\"6475d7ec-b0c8-17d5-6d3d-4049627e0a4f\" class=\"container\" style=\"display: flex; flex-wrap: wrap;\"&gt;\n    &lt;div data-ppid=\"0684bed8-0e68-bd4f-7722-b6e390ca6499\" class=\"col-md-12 columnBlockLayout\" style=\"flex-grow: 1; min-width: 310px; word-break: break-word; display: flex; flex-direction: column; margin: 20px 0px; padding: 16px;\"&gt;&lt;h3 data-ppid=\"760bb67f-2801-76a4-5c76-4a7c0f158a39\"&gt;Do you have a commodity, equipment or service that you can offer to the community?&lt;/h3&gt;&lt;/div&gt;\n  &lt;/div&gt;\n&lt;/div&gt;\n",
  "publishingstateid": "1823d82c-7822-ee11-9cbd-000d3a1c017f",
  "enablerating": false,
  "enabletracking": false,
  "excludefromsearch": false,
  "hiddenfromsitemap": true,
  "sharedpageconfiguration": false
}</content>
  <iscustomizable>1</iscustomizable>
  <name>Offers</name>
  <powerpagecomponenttype>2</powerpagecomponenttype>
  <powerpagesiteid>
    <powerpagesiteid>24f7d230-7822-ee11-9cbd-000d3a190120</powerpagesiteid>
  </powerpagesiteid>
  <powerpagesitelanguageid>
    <powerpagesitelanguageid>26f7d230-7822-ee11-9cbd-000d3a190120</powerpagesitelanguageid>
  </powerpagesitelanguageid>
  <statecode>0</statecode>
  <statuscode>1</statuscode>
</powerpagecomponent>