<powerpagecomponent powerpagecomponentid="9a12972a-7822-ee11-9cbd-000d3a1c0c13">
  <content>{"source":"{% assign openTag = '{{' %}\r\n{% assign closingTag = '}}' %}\r\n {%raw%}\r\n  &lt;script id=\"search-view-results\" type=\"text/x-handlebars-template\"&gt;\r\n   {{#if items}}\r\n    &lt;div class=\"page-header\"&gt;\r\n      &lt;h2 role=\"status\" aria-live=\"off\"&gt;{%endraw%}{{openTag}} stringFormat \"{{ resx.Search_Results_Format_String }}\" firstResultNumber lastResultNumber itemCount {{closingTag}}{%raw%}\r\n      &lt;em class=\"querytext\"&gt;{{{query}}}&lt;/em&gt;\r\n     {{#if isResetVisible}}\r\n       &lt;a class=\"btn btn-default btn-sm facet-clear-all\" role=\"button\" title=\"{%endraw%}{{ snippets['Search/Facet/ClearConstraints'] | default: res['Search_Filter_Clear_All'] }}{%raw%}\" tabIndex=\"0\"&gt;{%endraw%}{{ snippets['Search/Facet/ClearConstraints'] | default: res['Search_Filter_Clear_All'] }}{%raw%}&lt;/a&gt;\r\n      {{/if}}\r\n      &lt;/h2&gt;\r\n    &lt;/div&gt;\r\n    &lt;div&gt;\r\n   &lt;ul&gt;\r\n    {{#each items}}\r\n     &lt;li&gt;\r\n      &lt;h3&gt;&lt;a title=\"{{title}}\" href=\"{{url}}\"&gt;{{#if parent}}&lt;span class=\"glyphicon glyphicon-file pull-left text-muted\" aria-hidden=\"true\"&gt;&lt;/span&gt;{{/if}}{{title}}&lt;/a&gt;&lt;/h3&gt;\r\n      &lt;p class=\"fragment\"&gt;{{{fragment}}}&lt;/p&gt;\r\n      {{#if parent}}\r\n       &lt;p class=\"small related-article\"&gt;{%endraw%}{{ resx.Related_Article }}{%raw%}: &lt;a title=\"{{parent.title}}\" href=\"{{parent.absoluteUrl}}\"&gt;{{parent.title}}&lt;/a&gt;&lt;/p&gt;\r\n      {{/if}}\r\n      &lt;ul class=\"note-group small list-unstyled\"&gt;\r\n       {{#if relatedNotes}}\r\n        {{#each relatedNotes}}\r\n         &lt;li class=\"note-item\"&gt;\r\n         {{#if isImage}}\r\n          &lt;a target=\"_blank\" title=\"{{title}}\" href=\"{{absoluteUrl}}\"&gt;&lt;span class=\"glyphicon glyphicon-file\" aria-hidden=\"true\"&gt;&lt;/span&gt; {{title}}&lt;/a&gt;\r\n         {{else}}\r\n          &lt;a title=\"{{title}}\" href=\"{{absoluteUrl}}\"&gt;&lt;span class=\"glyphicon glyphicon-file\" aria-hidden=\"true\"&gt;&lt;/span&gt; {{title}}&lt;/a&gt;\r\n         {{/if}}\r\n         &lt;p class=\"fragment text-muted\"&gt;{{{fragment}}}&lt;/p&gt;\r\n         &lt;/li&gt;\r\n        {{/each}}\r\n        {{/if}}\r\n      &lt;/ul&gt;\r\n     &lt;/li&gt;\r\n    {{/each}}\r\n   &lt;/ul&gt;\r\n  &lt;/div&gt;\r\n   {{else}}\r\n   &lt;h2 role=\"status\"&gt;{%endraw%}{{ resx.Search_No_Results_Found }}{%raw%}&lt;em class=\"querytext\"&gt;{{{query}}}&lt;/em&gt;\r\n     {{#if isResetVisible}}\r\n      &lt;a class=\"btn btn-default btn-sm facet-clear-all\" role=\"button\" title=\"{%endraw%}{{ snippets['Search/Facet/ClearConstraints'] | default: res['Search_Filter_Clear_All'] }}{%raw%}\" tabIndex=\"0\"&gt;{%endraw%}{{ snippets['Search/Facet/ClearConstraints'] | default: res['Search_Filter_Clear_All'] }}{%raw%}&lt;/a&gt;\r\n     {{/if}}\r\n    &lt;/h2&gt;\r\n   {{/if}}\r\n  &lt;/script&gt;\r\n {%endraw%}"}</content>
  <iscustomizable>1</iscustomizable>
  <name>Faceted Search - Results Template</name>
  <powerpagecomponenttype>8</powerpagecomponenttype>
  <powerpagesiteid>
    <powerpagesiteid>24f7d230-7822-ee11-9cbd-000d3a190120</powerpagesiteid>
  </powerpagesiteid>
  <statecode>0</statecode>
  <statuscode>1</statuscode>
</powerpagecomponent>