<powerpagecomponent powerpagecomponentid="3f619c24-7822-ee11-9cbd-000d3a1c0c13">
  <content>{"source":"{% extends 'Layout 2 Column Wide Left' %}\r\r{% block main %}\r  {% include 'Page Copy' %}\r  {% include 'Child Navigation' showdescriptions: true %}\r{% endblock %}\r\r{% block aside %}\r  {% include \"Weblink List Group\" weblink_set_name: \"Secondary Navigation\" showdescriptions: true %}\r  {% include \"poll\" poll_placement_name: \"Sidebar\" %}\r  {% include \"ad\" ad_placement_name: \"Sidebar Bottom\" %}\r{% endblock %}"}</content>
  <iscustomizable>1</iscustomizable>
  <name>Listing</name>
  <powerpagecomponenttype>8</powerpagecomponenttype>
  <powerpagesiteid>
    <powerpagesiteid>24f7d230-7822-ee11-9cbd-000d3a190120</powerpagesiteid>
  </powerpagesiteid>
  <statecode>0</statecode>
  <statuscode>1</statuscode>
</powerpagecomponent>