<powerpagecomponent powerpagecomponentid="90b0da2a-7822-ee11-9cbd-000d3a190120">
  <content>{"display_name":"About Footer","type":756150001,"value":"&lt;h4&gt;About Starter Portal&lt;/h4&gt;&lt;p&gt;This site uses sample data and text, please update as per your requirement.&lt;/p&gt;"}</content>
  <iscustomizable>1</iscustomizable>
  <name>About Footer</name>
  <powerpagecomponenttype>7</powerpagecomponenttype>
  <powerpagesiteid>
    <powerpagesiteid>24f7d230-7822-ee11-9cbd-000d3a190120</powerpagesiteid>
  </powerpagesiteid>
  <powerpagesitelanguageid>
    <powerpagesitelanguageid>26f7d230-7822-ee11-9cbd-000d3a190120</powerpagesitelanguageid>
  </powerpagesitelanguageid>
  <statecode>0</statecode>
  <statuscode>1</statuscode>
</powerpagecomponent>