<powerpagecomponent powerpagecomponentid="1708e024-7822-ee11-9cbd-000d3a190120">
  <content>{"display_name":"Browser Title Suffix","type":756150000,"value":" · Starter Portal"}</content>
  <iscustomizable>1</iscustomizable>
  <name>Browser Title Suffix</name>
  <powerpagecomponenttype>7</powerpagecomponenttype>
  <powerpagesiteid>
    <powerpagesiteid>24f7d230-7822-ee11-9cbd-000d3a190120</powerpagesiteid>
  </powerpagesiteid>
  <powerpagesitelanguageid>
    <powerpagesitelanguageid>26f7d230-7822-ee11-9cbd-000d3a190120</powerpagesitelanguageid>
  </powerpagesitelanguageid>
  <statecode>0</statecode>
  <statuscode>1</statuscode>
</powerpagecomponent>