<powerpagecomponent powerpagecomponentid="a9c1e71e-7822-ee11-9cbd-000d3a190120">
  <content>{"display_name":"Profile Form Legend","type":756150000,"value":"Your Information"}</content>
  <iscustomizable>1</iscustomizable>
  <name>Profile Form Legend</name>
  <powerpagecomponenttype>7</powerpagecomponenttype>
  <powerpagesiteid>
    <powerpagesiteid>24f7d230-7822-ee11-9cbd-000d3a190120</powerpagesiteid>
  </powerpagesiteid>
  <powerpagesitelanguageid>
    <powerpagesitelanguageid>26f7d230-7822-ee11-9cbd-000d3a190120</powerpagesitelanguageid>
  </powerpagesitelanguageid>
  <statecode>0</statecode>
  <statuscode>1</statuscode>
</powerpagecomponent>