<powerpagecomponent powerpagecomponentid="5a619c24-7822-ee11-9cbd-000d3a1c0c13">
  <content>{"display_name":"Account/Signin/Terms And Conditions Agreement Text","type":756150000,"value":"I agree to these terms and conditions."}</content>
  <iscustomizable>1</iscustomizable>
  <name>Account/Signin/TermsAndConditionsAgreementText</name>
  <powerpagecomponenttype>7</powerpagecomponenttype>
  <powerpagesiteid>
    <powerpagesiteid>24f7d230-7822-ee11-9cbd-000d3a190120</powerpagesiteid>
  </powerpagesiteid>
  <powerpagesitelanguageid>
    <powerpagesitelanguageid>26f7d230-7822-ee11-9cbd-000d3a190120</powerpagesitelanguageid>
  </powerpagesitelanguageid>
  <statecode>0</statecode>
  <statuscode>1</statuscode>
</powerpagecomponent>