<powerpagecomponent powerpagecomponentid="aeb0da2a-7822-ee11-9cbd-000d3a190120">
  <content>{"value":"{\"status\":\"enable\",\"selectedThemeId\":\"329a43fa-5471-4678-8330-d3a0b404e9bb\",\"version\":\"V2\"}"}</content>
  <iscustomizable>1</iscustomizable>
  <name>ThemeFeature</name>
  <powerpagecomponenttype>9</powerpagecomponenttype>
  <powerpagesiteid>
    <powerpagesiteid>24f7d230-7822-ee11-9cbd-000d3a190120</powerpagesiteid>
  </powerpagesiteid>
  <statecode>0</statecode>
  <statuscode>1</statuscode>
</powerpagecomponent>