<powerpagecomponent powerpagecomponentid="a218a670-b911-dd20-15a4-76da350d0a8c">
  <content>{
  "webpageid": "841a0d1d-c991-b2b2-c1bc-f92c07bda41c",
  "right": 2,
  "scope": 1,
  "adx_webpageaccesscontrolrule_webrole": [
    "c907e024-7822-ee11-9cbd-000d3a190120",
    "b012972a-7822-ee11-9cbd-000d3a1c0c13"
  ]
}</content>
  <iscustomizable>1</iscustomizable>
  <name>Restrict Read on Requests</name>
  <powerpagecomponenttype>10</powerpagecomponenttype>
  <powerpagesiteid>
    <powerpagesiteid>24f7d230-7822-ee11-9cbd-000d3a190120</powerpagesiteid>
  </powerpagesiteid>
  <statecode>0</statecode>
  <statuscode>1</statuscode>
</powerpagecomponent>