<powerpagecomponent powerpagecomponentid="2f23d82c-7822-ee11-9cbd-000d3a1c017f">
  <content>{"contentdisposition":756150000,"enabletracking":false,"excludefromsearch":false,"hiddenfromsitemap":false,"parentpageid":"2f619c24-7822-ee11-9cbd-000d3a1c0c13","partialurl":"Video1.mp4","publishingstateid":"1823d82c-7822-ee11-9cbd-000d3a1c017f"}</content>
  <iscustomizable>1</iscustomizable>
  <name>Video 1.mp4</name>
  <powerpagecomponenttype>3</powerpagecomponenttype>
  <powerpagesiteid>
    <powerpagesiteid>24f7d230-7822-ee11-9cbd-000d3a190120</powerpagesiteid>
  </powerpagesiteid>
  <statecode>0</statecode>
  <statuscode>1</statuscode>
</powerpagecomponent>