<powerpagecomponent powerpagecomponentid="52619c24-7822-ee11-9cbd-000d3a1c0c13">
  <content>{"display_name":"Account/Conversion/SignIn External Form Heading","type":756150000,"value":"Sign in with a supported account"}</content>
  <iscustomizable>1</iscustomizable>
  <name>Account/Conversion/SignInExternalFormHeading</name>
  <powerpagecomponenttype>7</powerpagecomponenttype>
  <powerpagesiteid>
    <powerpagesiteid>24f7d230-7822-ee11-9cbd-000d3a190120</powerpagesiteid>
  </powerpagesiteid>
  <powerpagesitelanguageid>
    <powerpagesitelanguageid>26f7d230-7822-ee11-9cbd-000d3a190120</powerpagesitelanguageid>
  </powerpagesitelanguageid>
  <statecode>0</statecode>
  <statuscode>1</statuscode>
</powerpagecomponent>