<powerpagecomponent powerpagecomponentid="5da777f7-457a-0039-6cdc-0ea504117a1f">
  <content>{
  "displayorder": 4,
  "weblinksetid": "bb12972a-7822-ee11-9cbd-000d3a1c0c13",
  "pageid": "841a0d1d-c991-b2b2-c1bc-f92c07bda41c",
  "publishingstateid": "1823d82c-7822-ee11-9cbd-000d3a1c017f",
  "displaypagevalidation": false,
  "displayimageonly": false,
  "displaypagechildlinks": false,
  "openinnewwindow": false,
  "robotsfollowlink": true
}</content>
  <iscustomizable>1</iscustomizable>
  <name>Requests</name>
  <powerpagecomponenttype>5</powerpagecomponenttype>
  <powerpagesiteid>
    <powerpagesiteid>24f7d230-7822-ee11-9cbd-000d3a190120</powerpagesiteid>
  </powerpagesiteid>
  <statecode>0</statecode>
  <statuscode>1</statuscode>
</powerpagecomponent>