<powerpagecomponent powerpagecomponentid="9012972a-7822-ee11-9cbd-000d3a1c0c13">
  <content>{"display_name":"Login/ACS/Heading","type":756150000,"value":"Sign in to Starter Portal"}</content>
  <iscustomizable>1</iscustomizable>
  <name>Login/ACS/Heading</name>
  <powerpagecomponenttype>7</powerpagecomponenttype>
  <powerpagesiteid>
    <powerpagesiteid>24f7d230-7822-ee11-9cbd-000d3a190120</powerpagesiteid>
  </powerpagesiteid>
  <powerpagesitelanguageid>
    <powerpagesitelanguageid>26f7d230-7822-ee11-9cbd-000d3a190120</powerpagesitelanguageid>
  </powerpagesitelanguageid>
  <statecode>0</statecode>
  <statuscode>1</statuscode>
</powerpagecomponent>