<powerpagecomponent powerpagecomponentid="9fc1e71e-7822-ee11-9cbd-000d3a190120">
  <content>{"display_name":"Profile/MarketingPref","type":756150000,"value":"How may we contact you? Select all that apply"}</content>
  <iscustomizable>1</iscustomizable>
  <name>Profile/MarketingPref</name>
  <powerpagecomponenttype>7</powerpagecomponenttype>
  <powerpagesiteid>
    <powerpagesiteid>24f7d230-7822-ee11-9cbd-000d3a190120</powerpagesiteid>
  </powerpagesiteid>
  <powerpagesitelanguageid>
    <powerpagesitelanguageid>26f7d230-7822-ee11-9cbd-000d3a190120</powerpagesitelanguageid>
  </powerpagesitelanguageid>
  <statecode>0</statecode>
  <statuscode>1</statuscode>
</powerpagecomponent>