<powerpagecomponent powerpagecomponentid="3170dd26-7822-ee11-9cbd-000d3a1c017f">
  <content>{
  "value": "ALLOW-FROM [https://site-5rves.powerappsportals.com/]"
}</content>
  <iscustomizable>1</iscustomizable>
  <name>HTTP/X-Frame-Options</name>
  <powerpagecomponenttype>9</powerpagecomponenttype>
  <powerpagesiteid>
    <powerpagesiteid>24f7d230-7822-ee11-9cbd-000d3a190120</powerpagesiteid>
  </powerpagesiteid>
  <statecode>0</statecode>
  <statuscode>1</statuscode>
</powerpagecomponent>