<powerpagecomponent powerpagecomponentid="aac1e71e-7822-ee11-9cbd-000d3a190120">
  <content>{"contentdisposition":756150000,"enabletracking":false,"excludefromsearch":false,"hiddenfromsitemap":false,"parentpageid":"2f619c24-7822-ee11-9cbd-000d3a1c0c13","partialurl":"Site-mockup-1.png","publishingstateid":"1823d82c-7822-ee11-9cbd-000d3a1c017f"}</content>
  <filecontent mimetype="application/octet-stream">Site-mockup-1.png</filecontent>
  <iscustomizable>1</iscustomizable>
  <name>Site-mockup-1.png</name>
  <powerpagecomponenttype>3</powerpagecomponenttype>
  <powerpagesiteid>
    <powerpagesiteid>24f7d230-7822-ee11-9cbd-000d3a190120</powerpagesiteid>
  </powerpagesiteid>
  <statecode>0</statecode>
  <statuscode>1</statuscode>
</powerpagecomponent>