<powerpagecomponent powerpagecomponentid="bf3357dc-ddc0-407e-8af9-aeeb705826e6">
  <content>{
  "lcid": 1033,
  "entityname": "msrex_offers",
  "formname": "New Offer",
  "mode": 100000002,
  "onsuccess": 756150000,
  "hideformonsuccess": true,
  "redirectwebpage": null,
  "redirecturl": null,
  "captcharequired": true,
  "showcaptchaforauthenticatedusers": true,
  "entitypermissionsenabled": true,
  "attachfilemaxsize": null,
  "entitysourcetype": 756150001,
  "recordidquerystringparametername": "id",
  "geolocation_maptype": 756150000
}</content>
  <iscustomizable>1</iscustomizable>
  <name>New Offer View</name>
  <powerpagecomponenttype>15</powerpagecomponenttype>
  <powerpagesiteid>
    <powerpagesiteid>24f7d230-7822-ee11-9cbd-000d3a190120</powerpagesiteid>
  </powerpagesiteid>
  <statecode>0</statecode>
  <statuscode>1</statuscode>
</powerpagecomponent>