<ImportExportXml version="9.2.23074.224" SolutionPackageVersion="9.2" languagecode="1033" generatedBy="CrmLive" xmlns:xsi="http://www.w3.org/2001/XMLSchema-instance">
  <SolutionManifest>
    <UniqueName>MSResourceExchange</UniqueName>
    <LocalizedNames>
      <LocalizedName description="MSResourceExchange" languagecode="1033" />
    </LocalizedNames>
    <Descriptions />
    <Version>1.0.0.12</Version>
    <Managed>0</Managed>
    <Publisher>
      <UniqueName>MSResourceExchange</UniqueName>
      <LocalizedNames>
        <LocalizedName description="MSResourceExchange" languagecode="1033" />
      </LocalizedNames>
      <Descriptions />
      <EMailAddress xsi:nil="true"></EMailAddress>
      <SupportingWebsiteUrl xsi:nil="true"></SupportingWebsiteUrl>
      <CustomizationPrefix>msresour</CustomizationPrefix>
      <CustomizationOptionValuePrefix>71566</CustomizationOptionValuePrefix>
      <Addresses>
        <Address>
          <AddressNumber>1</AddressNumber>
          <AddressTypeCode>1</AddressTypeCode>
          <City xsi:nil="true"></City>
          <County xsi:nil="true"></County>
          <Country xsi:nil="true"></Country>
          <Fax xsi:nil="true"></Fax>
          <FreightTermsCode xsi:nil="true"></FreightTermsCode>
          <ImportSequenceNumber xsi:nil="true"></ImportSequenceNumber>
          <Latitude xsi:nil="true"></Latitude>
          <Line1 xsi:nil="true"></Line1>
          <Line2 xsi:nil="true"></Line2>
          <Line3 xsi:nil="true"></Line3>
          <Longitude xsi:nil="true"></Longitude>
          <Name xsi:nil="true"></Name>
          <PostalCode xsi:nil="true"></PostalCode>
          <PostOfficeBox xsi:nil="true"></PostOfficeBox>
          <PrimaryContactName xsi:nil="true"></PrimaryContactName>
          <ShippingMethodCode>1</ShippingMethodCode>
          <StateOrProvince xsi:nil="true"></StateOrProvince>
          <Telephone1 xsi:nil="true"></Telephone1>
          <Telephone2 xsi:nil="true"></Telephone2>
          <Telephone3 xsi:nil="true"></Telephone3>
          <TimeZoneRuleVersionNumber xsi:nil="true"></TimeZoneRuleVersionNumber>
          <UPSZone xsi:nil="true"></UPSZone>
          <UTCOffset xsi:nil="true"></UTCOffset>
          <UTCConversionTimeZoneCode xsi:nil="true"></UTCConversionTimeZoneCode>
        </Address>
        <Address>
          <AddressNumber>2</AddressNumber>
          <AddressTypeCode>1</AddressTypeCode>
          <City xsi:nil="true"></City>
          <County xsi:nil="true"></County>
          <Country xsi:nil="true"></Country>
          <Fax xsi:nil="true"></Fax>
          <FreightTermsCode xsi:nil="true"></FreightTermsCode>
          <ImportSequenceNumber xsi:nil="true"></ImportSequenceNumber>
          <Latitude xsi:nil="true"></Latitude>
          <Line1 xsi:nil="true"></Line1>
          <Line2 xsi:nil="true"></Line2>
          <Line3 xsi:nil="true"></Line3>
          <Longitude xsi:nil="true"></Longitude>
          <Name xsi:nil="true"></Name>
          <PostalCode xsi:nil="true"></PostalCode>
          <PostOfficeBox xsi:nil="true"></PostOfficeBox>
          <PrimaryContactName xsi:nil="true"></PrimaryContactName>
          <ShippingMethodCode>1</ShippingMethodCode>
          <StateOrProvince xsi:nil="true"></StateOrProvince>
          <Telephone1 xsi:nil="true"></Telephone1>
          <Telephone2 xsi:nil="true"></Telephone2>
          <Telephone3 xsi:nil="true"></Telephone3>
          <TimeZoneRuleVersionNumber xsi:nil="true"></TimeZoneRuleVersionNumber>
          <UPSZone xsi:nil="true"></UPSZone>
          <UTCOffset xsi:nil="true"></UTCOffset>
          <UTCConversionTimeZoneCode xsi:nil="true"></UTCConversionTimeZoneCode>
        </Address>
      </Addresses>
    </Publisher>
    <RootComponents>
      <RootComponent type="1" schemaName="account" behavior="2" />
      <RootComponent type="1" schemaName="contact" behavior="2" />
      <RootComponent type="1" schemaName="msrex_offers" behavior="0" />
      <RootComponent type="1" schemaName="msrex_request" behavior="0" />
      <RootComponent type="1" schemaName="msrex_resources" behavior="0" />
      <RootComponent type="9" schemaName="msrex_requeststatus" behavior="0" />
      <RootComponent type="9" schemaName="msrex_resourcetype" behavior="0" />
      <RootComponent type="9" schemaName="msrex_units" behavior="0" />
      <RootComponent type="9" schemaName="new_priorityofrequest" behavior="0" />
      <RootComponent type="29" id="{110cd465-3d2e-ee11-bdf3-000d3a1c017f}" behavior="0" />
      <RootComponent type="29" id="{b3936fa1-f247-ee11-be6d-000d3a190120}" behavior="0" />
      <RootComponent type="29" id="{d1a4448a-7f2c-ee11-bdf4-000d3a190120}" behavior="0" />
      <RootComponent type="29" id="{f2313f05-f247-ee11-be6d-000d3a1c0c13}" behavior="0" />
      <RootComponent type="29" id="{f39fdff4-f141-ee11-bdf3-000d3a1c0c13}" behavior="0" />
      <RootComponent type="62" schemaName="cr85b_ResourceExchangeOffers" behavior="0" />
      <RootComponent type="62" schemaName="cr85b_ResourceExchangeRequests" behavior="0" />
      <RootComponent type="80" schemaName="cr85b_ResourceExchangeOffers" behavior="0" />
      <RootComponent type="80" schemaName="cr85b_ResourceExchangeRequests" behavior="0" />
    </RootComponents>
    <MissingDependencies>
      <MissingDependency>
        <Required type="60" displayName="account contact card" parentDisplayName="Contact" solution="msdynce_AppCommon (9.0.4.0066)" id="{29de27bc-a257-4f29-99cf-bab4a84e688f}">
          <package>msdynce_AppCommonAnchor (9.0.23064.10002)</package>
        </Required>
        <Dependent type="60" displayName="Account" parentDisplayName="Organization" id="{8448b78f-8f42-454e-8e2a-f8196b0419af}" />
      </MissingDependency>
      <MissingDependency>
        <Required type="60" displayName="Account" parentDisplayName="Organization" solution="msdynce_AppCommon (9.0.4.0066)" id="{8448b78f-8f42-454e-8e2a-f8196b0419af}">
          <package>msdynce_AppCommonAnchor (9.0.23064.10002)</package>
        </Required>
        <Dependent type="60" displayName="Account" parentDisplayName="Organization" id="{8448b78f-8f42-454e-8e2a-f8196b0419af}" />
      </MissingDependency>
      <MissingDependency>
        <Required type="61" schemaName="msdyn_/Images/AppModule_Default_Icon.png" displayName="msdyn_/Images/AppModule_Default_Icon.png" solution="AppModuleWebResources (2.5)" />
        <Dependent type="80" schemaName="cr85b_ResourceExchangeOffers" displayName="Resource Exchange Offers" />
      </MissingDependency>
      <MissingDependency>
        <Required type="61" schemaName="msdyn_/Images/AppModule_Default_Icon.png" displayName="msdyn_/Images/AppModule_Default_Icon.png" solution="AppModuleWebResources (2.5)" />
        <Dependent type="80" schemaName="cr85b_ResourceExchangeRequests" displayName="Resource Exchange Requests" />
      </MissingDependency>
      <MissingDependency>
        <Required type="connectionreference" displayName="democop_sharedpowerbi_2b122" solution="Active" id.connectionreferencelogicalname="democop_sharedpowerbi_2b122" />
        <Dependent type="29" displayName="Offer - Refresh Dashboard" id="{b3936fa1-f247-ee11-be6d-000d3a190120}" />
      </MissingDependency>
      <MissingDependency>
        <Required type="connectionreference" displayName="democop_sharedpowerbi_2b122" solution="Active" id.connectionreferencelogicalname="democop_sharedpowerbi_2b122" />
        <Dependent type="29" displayName="Request - Dashboard Refresh" id="{f2313f05-f247-ee11-be6d-000d3a1c0c13}" />
      </MissingDependency>
      <MissingDependency>
        <Required type="connectionreference" displayName="msdyn_Dataverse" solution="msdynce_KnowledgeManagementOnlineExtension (9.0.23071.5024)" id.connectionreferencelogicalname="msdyn_Dataverse">
          <package>msdynce_KnowledgeManagementAnchor (9.0.23071.5024)</package>
        </Required>
        <Dependent type="29" displayName="Batch Upload- Resource Requests" id="{d1a4448a-7f2c-ee11-bdf4-000d3a190120}" />
      </MissingDependency>
    </MissingDependencies>
  </SolutionManifest>
</ImportExportXml>