<powerpagecomponent powerpagecomponentid="1523d82c-7822-ee11-9cbd-000d3a1c017f">
  <content>{"display_name":"Account/Set Password/Confirm Password","type":756150000,"value":"Confirm Password"}</content>
  <iscustomizable>1</iscustomizable>
  <name>Account/SetPassword/ConfirmPassword</name>
  <powerpagecomponenttype>7</powerpagecomponenttype>
  <powerpagesiteid>
    <powerpagesiteid>24f7d230-7822-ee11-9cbd-000d3a190120</powerpagesiteid>
  </powerpagesiteid>
  <powerpagesitelanguageid>
    <powerpagesitelanguageid>26f7d230-7822-ee11-9cbd-000d3a190120</powerpagesitelanguageid>
  </powerpagesitelanguageid>
  <statecode>0</statecode>
  <statuscode>1</statuscode>
</powerpagecomponent>