<powerpagecomponent powerpagecomponentid="a9c8b202-a0dc-3b9b-1b9d-f18f1304b08e">
  <content>{
  "webpageid": "2f619c24-7822-ee11-9cbd-000d3a1c0c13",
  "right": 2,
  "scope": 2,
  "adx_webpageaccesscontrolrule_webrole": [
    "c907e024-7822-ee11-9cbd-000d3a190120",
    "b012972a-7822-ee11-9cbd-000d3a1c0c13"
  ]
}</content>
  <iscustomizable>1</iscustomizable>
  <name>Restrict Read on Home</name>
  <powerpagecomponenttype>10</powerpagecomponenttype>
  <powerpagesiteid>
    <powerpagesiteid>24f7d230-7822-ee11-9cbd-000d3a190120</powerpagesiteid>
  </powerpagesiteid>
  <statecode>1</statecode>
  <statuscode>2</statuscode>
</powerpagecomponent>