<powerpagecomponent powerpagecomponentid="2e619c24-7822-ee11-9cbd-000d3a1c0c13">
  <content>{"display_name":"Navbar Left","type":756150001,"value":"&lt;p&gt;&lt;a class=\"homelink\" href=\"~/\" title=\"Starter Portal\"&gt;Starter Portal&lt;/a&gt;&lt;/p&gt;"}</content>
  <iscustomizable>1</iscustomizable>
  <name>Navbar Left</name>
  <powerpagecomponenttype>7</powerpagecomponenttype>
  <powerpagesiteid>
    <powerpagesiteid>24f7d230-7822-ee11-9cbd-000d3a190120</powerpagesiteid>
  </powerpagesiteid>
  <powerpagesitelanguageid>
    <powerpagesitelanguageid>26f7d230-7822-ee11-9cbd-000d3a190120</powerpagesitelanguageid>
  </powerpagesitelanguageid>
  <statecode>0</statecode>
  <statuscode>1</statuscode>
</powerpagecomponent>